Product_ID,Price,Competitor_Price,Sales_Volume,Customer_Interest,Seasonality,Inventory_Level
1,43.708610696262625,26.66196359547577,220,489,High,139
2,95.56428757689245,58.77108526405223,903,31,High,344
3,75.87945476302646,88.56512522887675,163,358,Medium,305
4,63.8792635777333,75.9002397768605,951,735,Low,149
5,24.041677639819287,82.59050330753047,220,692,Low,115
6,24.03950683025824,69.29050300396456,270,844,Medium,450
7,15.227525095137953,72.30489080660672,632,575,High,63
8,87.95585311974416,86.42760864087873,906,915,Medium,104
9,64.1003510568888,32.470120797326736,848,819,Low,339
10,73.7265320016441,54.04824672788264,400,329,Low,359
11,11.85260448662222,29.908849763764202,182,135,Medium,156
12,97.29188669457949,98.89012071969823,991,286,Medium,273
13,84.91983767203796,94.9653405717952,618,985,Low,6
14,29.110519961044854,13.54841302316553,729,213,Medium,147
15,26.364247048639054,73.50176552641196,205,203,Low,184
16,26.506405886809045,93.27234856740992,582,690,Medium,486
17,37.381801866358394,26.25178106146002,556,673,Medium,28
18,57.228078846901404,61.11507074973665,841,556,Medium,450
19,48.87505167779042,92.39394678292376,813,705,Low,38
20,36.21062261782377,13.055138072721896,228,295,Medium,119
21,65.06676052501416,72.76782405221559,696,66,Low,293
22,22.554447458683764,36.761410663529574,619,743,Low,371
23,36.29301836816963,93.19565758388774,596,312,Medium,244
24,42.97256589643225,97.39524206488309,850,172,Medium,68
25,51.046298579533236,94.98398402020905,250,28,Low,214
26,80.66583652537122,52.67927949917174,875,379,Low,218
27,27.970640394252378,87.58383858903821,441,273,High,177
28,56.28109945722505,86.00944586815633,533,803,Low,299
29,63.31731119758382,38.71904259189301,196,122,High,164
30,14.180537144799796,84.60239267356096,690,497,High,58
31,64.67903667112945,13.330687124394336,929,336,High,269
32,25.347171131856236,63.66428906338477,987,551,Medium,308
33,15.854643368675156,30.700795355893273,519,656,Medium,58
34,95.39969835279999,20.851019719955094,70,588,Low,288
35,96.90688297671034,16.925788146628825,639,74,High,465
36,82.7557613304815,72.66598982903258,399,301,Medium,105
37,37.41523922560336,40.58874673912595,978,34,Medium,228
38,18.79049026057455,75.22900943758853,672,558,Medium,247
39,71.58097238609412,15.882070671904813,760,10,Medium,188
40,49.61372443656412,38.37613040475493,203,920,Medium,494
41,20.983441136030095,58.55421631378035,148,558,High,83
42,54.56592191001432,81.16508483550672,472,150,High,186
43,13.094966900369656,38.68772526388629,655,753,High,252
44,91.83883618709038,66.33022387933082,944,657,High,355
45,33.290198344001524,89.73799734125684,199,910,Low,238
46,69.62700559185838,65.42768693640741,917,197,High,360
47,38.053996848046985,30.96635272782704,426,137,Medium,184
48,56.80612190600297,12.196070340088422,666,210,High,284
49,59.203925140895166,88.3088986510837,492,136,Low,385
50,26.636900997297435,11.914246976534843,888,266,Medium,426
51,97.26261649881027,88.72315054157795,896,685,High,210
52,79.76195410250031,57.60434206244908,142,556,High,304
53,94.55490474077702,94.51609286616066,313,203,High,296
54,90.5344615384884,81.89049121962988,165,712,Medium,97
55,63.810998092997664,99.81406994800037,314,113,Medium,447
56,92.96868115208052,41.564063390653914,21,544,Low,460
57,17.964325184672756,79.04694600380142,82,274,Medium,456
58,27.638457617723066,46.1737822248318,581,811,Medium,472
59,14.070456001948425,53.18880582735179,131,951,High,208
60,39.27972976869379,66.47549168965331,599,983,Medium,370
61,44.98095607205338,88.63094027677049,730,393,High,388
62,34.42141285965063,98.56751222793656,933,269,High,422
63,84.58637582367363,79.14460724780663,984,423,Medium,492
64,42.10779940242303,47.59901039506004,305,367,Low,411
65,35.28410587186427,47.922130204936316,915,84,Low,137
66,58.84264748424236,76.38240714300024,371,364,Medium,367
67,22.683180247728636,31.48994311914721,857,593,Low,400
68,82.19772826786357,19.94267018182552,853,780,High,184
69,16.709557931179376,41.91599418766989,384,919,High,76
70,98.81982429404655,35.85150924886736,908,197,Medium,287
71,79.50202923669917,36.66773084103911,445,982,Low,472
72,27.884411338075516,31.024697594491894,425,694,Low,375
73,10.496990541124216,13.78838706727257,161,299,High,142
74,83.39152856093507,11.608654126007243,178,54,Medium,237
75,73.61716094628554,98.89501507624284,629,582,Low,25
76,75.61064512368885,48.49958203622761,708,92,Medium,290
77,79.41433120173512,44.58939824437135,895,132,Low,67
78,16.664018656068134,71.16825544237628,490,367,High,250
79,42.261915568984534,29.642849907855776,327,537,High,408
80,20.428215357261674,95.49650655552028,598,75,Medium,118
81,87.67930832880342,80.77105129739968,289,945,High,490
82,66.09683141448022,18.046990208103356,593,666,Low,73
83,39.78082223673843,47.58226982064355,664,384,High,282
84,15.720251525742128,89.12064768059483,573,171,Medium,404
85,37.9884089544096,95.02588200622692,573,755,Medium,448
86,39.266498982407235,52.06613601248827,354,389,Medium,360
87,75.66455605042577,65.2070250289637,28,665,Low,10
88,67.38017242196918,25.03305514828677,954,367,Low,211
89,89.84914683186939,99.20517635232788,43,197,Low,323
90,52.49934326457544,30.850453124509905,681,331,Low,152
91,20.763482134447152,94.84585967216131,423,459,Low,5
92,74.19203085006956,68.46819840931316,598,483,High,195
93,78.47065437552077,64.69631153909732,177,22,Low,442
94,60.51494778125466,56.141965991485776,529,193,Low,283
95,79.38704619591049,30.760283054598283,610,120,High,464
96,54.44160367279517,25.887522880495744,966,936,Low,113
97,57.045954644379464,29.84375881631578,494,517,Medium,271
98,48.47869165226947,26.779443592982908,198,299,Low,163
99,12.287721406968567,80.16260262100779,610,304,Low,460
100,19.7102284293974,41.51127332500571,577,460,Medium,105
101,12.828626711806082,15.205840890705673,842,913,Medium,181
102,67.27693701374024,97.21923671267302,853,224,Medium,44
103,38.2920382968694,89.54072964670831,517,983,Medium,282
104,55.77136220482325,93.49770548756916,514,641,Low,175
105,91.68098265334837,99.54170403817918,22,903,Medium,162
106,32.43630062339874,25.650572429753858,112,576,Medium,471
107,46.93446307320668,45.661781701239285,57,36,High,351
108,77.99960246887439,78.24146281336822,66,639,Medium,434
109,30.59183489424602,72.6418556248413,842,742,Medium,340
110,16.92819188459137,23.850631570586955,98,240,High,140
111,36.077630762239124,83.42498124915559,144,574,High,471
112,24.5099158528604,30.19965146529946,880,816,Low,132
113,93.67278871083158,30.14358533403608,435,330,High,87
114,82.73083416079753,58.32769806040722,637,922,Low,176
115,67.00633808593811,63.364594135753286,679,242,High,183
116,88.43145311689459,62.20775870540301,86,679,High,368
117,82.33048692092031,18.233815365797938,588,446,Low,129
118,26.791305299743225,88.97147763673424,344,790,High,246
119,90.330309864098,33.90400383298355,936,542,Low,89
120,58.540801772408564,21.656342915452377,294,412,High,66
121,82.66961396476563,89.98732718820794,956,62,Medium,158
122,90.64821699311439,96.0086348406778,571,796,High,387
123,38.62031274746775,87.59148555389055,650,322,Low,378
124,19.90467320749091,82.85644672523902,611,290,High,149
125,30.51416462877475,68.97177825751196,704,735,Low,473
126,48.43970097636307,59.57716335482254,243,40,Low,340
127,83.62132893302439,17.828808392026914,831,346,Medium,433
128,87.46575249307091,46.760789176362884,561,192,Medium,116
129,10.625691747807164,43.54196653110826,960,32,Low,214
130,55.967257231980916,33.37784053842935,32,553,High,469
131,47.56699028339011,75.10781023197265,391,455,Low,446
132,29.98970294236572,54.628816157089375,277,83,Low,481
133,20.787883060031454,17.294159431688314,532,19,High,372
134,40.385365426326516,29.81648817548302,154,493,High,294
135,94.86187335212672,71.49328872936363,383,465,High,253
136,39.088263881867974,16.851777354127016,68,575,High,143
137,56.691155956902946,86.60862226438918,878,573,Low,250
138,73.27170630056601,54.56318743125769,884,669,Low,366
139,42.726664214136456,53.25279195939832,214,169,Medium,436
140,97.46038744488646,63.31670061935658,655,891,Low,463
141,96.62025654479001,84.22128693326343,376,23,High,302
142,32.66040662428277,41.30282871119738,744,187,Medium,25
143,54.75236553031469,71.02145373031573,213,421,High,277
144,37.07904788350927,60.9158767596212,79,887,Low,472
145,35.63564449397208,34.03254431524792,726,62,Medium,377
146,13.319825261907951,89.07669877196422,628,417,High,378
147,64.86079005819072,81.76834194462353,604,856,Medium,389
148,55.24111209059753,69.26066511925829,782,31,Medium,70
149,14.633087612499041,86.55235561848177,923,39,Low,113
150,35.07818178129503,88.05647808638221,381,712,High,363
151,91.74392973699884,73.75266790435313,680,269,Medium,112
152,31.560570160027517,85.33119955273048,58,214,Medium,364
153,23.04053848821008,72.77243155023552,796,68,High,303
154,54.05074842498067,71.21266945842703,26,480,Medium,471
155,98.70854086995406,65.67502403936659,881,785,Medium,452
156,31.784974436035036,77.74449756018771,447,475,Medium,91
157,70.49219926652907,24.274459476376634,66,21,High,18
158,78.54576537958458,89.27836832790356,921,640,High,149
159,31.38737895931597,88.46591749707088,760,936,High,476
160,75.53947137506736,12.632255473110323,254,983,High,227
161,43.10048194473279,84.32350755082864,899,299,Low,214
162,66.90752475342215,21.598288072610067,968,859,Medium,360
163,67.01767396848052,40.16069688332277,44,769,High,151
164,58.21972156672826,76.9157430662447,97,363,Medium,192
165,18.12607930489675,24.46839064434774,554,648,Medium,451
166,85.17722460303142,83.6170321707156,227,84,Low,40
167,38.870205847456226,84.89207601619677,774,882,High,242
168,26.786665935986882,55.67209603847526,679,725,High,138
169,13.669762739928753,10.574728454515022,436,570,Medium,345
170,63.18036488694176,35.83343198574215,791,600,High,180
171,70.98079256580542,65.5234226538168,601,450,Medium,497
172,11.492904603507053,98.30675602246811,379,250,Medium,200
173,56.088375246935286,66.86321743150015,178,870,Low,203
174,30.384619767814417,33.38232229577439,427,163,Low,61
175,68.06555113685049,67.06051327896502,915,795,Low,192
176,25.69297861044923,58.59868417442699,709,105,Medium,5
177,72.18439642922193,80.18608556360293,307,735,High,378
178,44.806181167048365,19.628257494426258,779,303,Low,237
179,94.30569898630611,78.49251122518253,504,218,High,181
180,22.376884973139394,58.71399208084993,268,352,Low,311
181,40.695971594523265,96.66928034730952,586,97,Low,37
182,20.212616911653015,40.76849494348175,8,827,Medium,56
183,93.22242564507064,66.93597038205533,920,785,Low,443
184,88.9605418042883,93.88252949590157,508,946,Low,237
185,33.21474649436401,19.225875519161132,476,399,Medium,358
186,69.39856414307611,94.3505638512806,297,334,High,349
187,83.54999801810942,71.9097150070732,164,949,Low,197
188,59.96807304395161,16.10533531946547,485,898,Medium,73
189,57.66855205204058,37.086721025213464,597,841,Low,59
190,31.76670618104065,73.73548797807534,72,166,Medium,240
191,18.379249102530927,16.061554132189453,567,677,High,2
192,90.74941821579941,62.39534141586459,905,660,High,449
193,91.03762514469975,41.129475125766106,559,642,Medium,360
194,66.97913115459411,65.88239659907293,911,586,Medium,188
195,40.51268119438306,14.116783043126157,944,628,Medium,307
196,41.428861715139476,88.43831255371387,238,668,High,30
197,75.33601109832155,97.61400722596572,104,146,Low,267
198,90.73992339573194,97.19900697571224,210,932,High,476
199,89.83777818386056,77.46866485686323,554,683,Medium,108
200,80.18879912718614,21.70776161175688,828,437,Medium,332
201,67.78284815388591,78.24368763361203,468,461,High,423
202,17.572596849554394,12.212822481292136,454,621,Medium,90
203,24.54658426851524,11.991119637609753,268,859,High,205
204,90.86987696743714,39.12491972345872,386,920,Medium,379
205,64.57861536936309,53.977887136419916,775,828,Low,456
206,10.827734645496669,79.33666760270138,848,150,Low,447
207,19.132438857942887,71.49658389458547,387,92,Medium,448
208,69.71515921972502,50.13124357390735,877,186,High,445
209,10.455542546159682,34.62639996534993,259,207,Low,381
210,24.472724627574877,99.74120501419401,283,633,High,438
211,59.38604104299275,48.356317201237566,626,577,Medium,220
212,72.27056779234239,50.62483218967079,875,981,High,378
213,68.67651335523405,24.726143907250226,40,700,Low,94
214,30.18423785145038,81.53285938749364,486,430,High,457
215,74.09612992127823,72.43140032033398,929,410,High,103
216,31.352417874712007,29.869265150988436,220,707,Medium,223
217,39.285972834334096,17.414294105425842,129,480,Medium,186
218,77.18422646062217,71.24493718672417,520,227,Medium,469
219,68.46696091424931,68.90600928530216,613,934,Low,184
220,86.43010694447601,34.59335742983884,928,938,Low,495
221,69.18516030703091,95.57772060253693,892,837,Medium,162
222,61.147774300192445,23.59521026028102,688,996,Medium,247
223,18.430729104528325,48.91013209383417,619,738,Low,31
224,43.09442227534902,94.9254328150839,613,641,Low,52
225,33.86821309135529,47.775458523351006,260,960,Low,345
226,31.95906790411752,67.4673352897677,990,915,Low,76
227,97.57094992772011,45.78349581665149,966,184,Medium,385
228,45.378795220008435,34.67936821138031,366,32,Low,439
229,90.2841899659402,98.55798831638454,758,734,Medium,278
230,66.80247633975367,46.84006056835387,787,926,High,40
231,81.53301731874836,90.4689283311221,544,244,High,101
232,55.23733837946729,30.695914530197758,649,22,Low,111
233,61.92134961637232,29.1794233622575,524,110,High,385
234,54.32659244369775,12.802067459606022,907,938,High,321
235,27.571868901824004,68.65001428382965,814,545,High,249
236,75.02069037353547,43.1673709351385,887,885,Low,191
237,35.26951261967702,87.79224248556733,16,532,Low,490
238,12.188436978830845,52.588891602240146,129,794,High,182
239,68.09250663164511,97.13740851232495,575,461,Medium,426
240,25.939961146634403,26.697296413280903,109,440,High,405
241,94.64127259176229,88.17608511600497,887,802,Low,335
242,95.85357193023286,79.89371675125676,533,615,Low,209
243,92.33779511984037,79.38296601796468,670,722,Low,22
244,43.31428302299,86.03049053051988,269,542,High,166
245,11.391095487598069,78.4921591848699,162,861,Medium,99
246,93.54867063289528,66.35982894682738,260,988,Low,493
247,48.53657334855829,21.81203899141488,924,732,Low,208
248,96.99893371393026,12.927356154212672,102,661,High,8
249,96.72579793803276,92.87630630341182,506,302,Medium,190
250,86.7708509920624,65.49852830686643,735,819,High,175
251,36.50040028626271,81.68835618785587,571,922,Low,273
252,44.658795574173276,53.3370116361295,247,110,Medium,17
253,86.60230043651713,20.557737006615504,640,511,Medium,90
254,38.522980464064986,21.26672129822954,795,313,Low,141
255,25.254347201748324,71.70087585060742,837,880,Medium,145
256,60.11211362125152,48.72753054095164,537,549,Medium,166
257,94.25392967447029,28.047225403030303,131,562,High,337
258,72.64268170074757,54.24350920672932,353,364,Low,496
259,61.30550530804285,15.778804336762068,196,312,Low,78
260,18.74588443936917,62.37742617229589,793,505,Low,429
261,65.35065040292528,34.209406399158794,916,667,Low,262
262,99.10484650938369,81.78031905734693,930,777,Low,163
263,22.60756137128716,37.932576303121635,666,983,Medium,366
264,56.64966871273631,50.969813417362104,382,236,High,14
265,88.96357647351599,11.045848591729058,645,245,Low,239
266,76.6691755978784,16.5202199015103,227,882,High,72
267,72.73141668957412,45.32442007660163,701,901,High,445
268,73.22356755883983,53.19449512454111,476,464,Medium,143
269,42.35420360977797,64.00184933073734,477,22,Low,310
270,36.4232659838044,36.24963208383729,265,219,Medium,283
271,82.84250399306623,72.54836975138883,372,750,Low,269
272,82.91020552112627,87.41101574702842,486,406,Medium,241
273,88.03650867220934,80.18658900040148,434,109,High,415
274,92.19164973008242,13.565694281352144,646,40,Low,245
275,56.020815897484404,53.24562525320461,211,907,High,163
276,55.136466521847964,19.44371605763574,572,537,High,60
277,81.84656610700976,31.78405142762747,940,658,Medium,6
278,68.49675376999886,98.79963339404318,377,338,Low,197
279,73.17701895319331,22.824598861136188,395,175,High,470
280,81.6213402492491,54.899933810622045,450,468,Medium,58
281,90.10048076358096,65.63401608863072,943,831,Low,305
282,40.41956411663823,73.22184734896936,364,961,Low,407
283,43.802465737594964,60.36838151382227,876,991,High,217
284,18.45837458567821,10.87937626772653,457,109,Low,418
285,62.045212689655656,39.38151774195927,725,630,High,26
286,13.234804641706788,56.59404790462403,728,864,Low,303
287,51.90382163192142,17.907984923035002,226,182,Medium,5
288,58.838017123681894,41.55642380882627,982,758,High,474
289,35.7887126915456,12.98827979122299,131,171,High,20
290,63.174993451210966,17.072064743951866,588,914,Low,390
291,12.745022494514448,45.72309485814365,476,737,Low,198
292,13.361336987429297,21.94441786387543,798,785,High,59
293,84.03405045936924,61.07867634354023,986,272,Low,448
294,42.41715772701366,72.05184722235391,277,813,Medium,242
295,21.435446138669633,82.05280291981745,156,283,Low,146
296,57.001893404932396,28.01352198203291,760,12,Medium,388
297,79.29941977887498,25.07343240331628,218,37,Medium,273
298,29.423892474715885,19.411105630096024,190,335,Medium,249
299,66.06014282371002,67.2787224589273,417,949,Medium,14
300,17.68127184943912,73.5828153838211,981,158,Medium,462
301,14.651354905174692,12.842753034307783,675,549,Low,13
302,57.82191684113332,94.25910216193208,692,497,Medium,391
303,58.657160944909585,14.677415528632517,546,831,Low,384
304,67.3686911348386,58.71667017709634,41,447,Medium,44
305,75.34822003503955,73.81544675058248,307,74,High,375
306,97.82668715162812,88.3872211371477,943,365,Medium,399
307,56.46703134710758,74.2678238919185,338,542,High,19
308,39.06608256471213,82.15552747628126,314,261,Medium,63
309,81.56675752918333,40.55051732885255,75,244,Medium,491
310,34.374902613586684,83.3342602371861,953,236,Medium,239
311,49.507427863507246,17.210336174620764,279,534,High,492
312,17.061074320803936,90.53349904544748,176,322,High,419
313,12.281566907391177,59.28331385383626,896,58,Medium,337
314,96.63835732101326,83.55679929662443,662,127,Low,419
315,85.23821084609853,50.70864560664701,273,63,Medium,403
316,72.63767854843282,67.92199256768725,837,659,High,404
317,46.80576499728429,57.37623948425019,620,574,Medium,100
318,25.596488806376122,75.84305695797987,651,53,High,163
319,24.079333840397744,17.34669838275306,862,824,High,416
320,32.52186083481358,15.431687559150742,783,62,High,122
321,59.43039982355084,32.23929106091318,859,595,Medium,432
322,74.31363304300561,24.359021210186953,931,567,High,44
323,69.41776390459582,88.46052099329815,289,534,High,360
324,35.19405072513486,29.72925886222399,724,686,Medium,408
325,95.93787525968747,97.82787302372182,893,111,High,317
326,76.41072250261917,40.320621259399616,272,801,Medium,381
327,59.891864726026064,26.390612411982936,930,779,High,145
328,65.05486716109169,81.07286564282312,66,991,Low,327
329,47.764005618501095,69.28369979507886,483,858,Low,363
330,32.29578905510417,54.837614480782506,936,877,High,50
331,42.03754107861354,59.982719584386814,248,407,Low,65
332,78.20614994179321,74.72816004450374,156,147,Medium,355
333,11.295413976678027,30.560926719816884,47,684,Low,288
334,20.446537645622463,99.67005244510678,935,930,High,164
335,14.140237781957747,97.73138459321048,454,396,High,141
336,13.665592208707313,68.52931177122431,201,120,Medium,454
337,86.99145256099065,27.958820583623062,660,623,High,314
338,73.32920734420213,71.22054181881622,124,26,Medium,128
339,52.67564461785927,16.497856808125825,1,789,Low,398
340,18.805074458590134,12.758725198522546,968,191,Low,421
341,54.24542876051491,33.19145996600923,759,893,Medium,368
342,52.61245937025091,51.636066106538465,855,545,Medium,463
343,25.58816829190137,88.14452548675425,640,550,High,239
344,49.04664843141757,75.44521627896772,191,180,Low,324
345,45.86542609576361,76.84358690799829,579,418,Medium,296
346,65.42650882469948,48.29440010032678,516,749,Low,187
347,67.15842857808795,41.13414932922666,442,387,Medium,208
348,14.077360879484006,43.393488668614246,921,197,Low,220
349,43.71513531638241,98.88846073624521,815,867,High,400
350,66.32739241428128,13.609827227123423,806,239,Low,190
351,55.28226327220789,88.03283465102037,143,842,Low,388
352,87.08408570694901,62.080786771515406,191,861,Low,429
353,69.28242684570506,49.47538772706314,533,128,Low,346
354,24.664098437328672,75.27318943736229,227,165,Low,284
355,16.351187266038686,53.80020472822326,313,793,High,352
356,67.8177350385684,88.60809142734945,629,696,Medium,237
357,12.386017948745963,91.06316776101326,949,474,Low,194
358,62.7198023146117,47.95488341861099,302,113,High,287
359,94.62072172824618,34.914501751154646,654,613,Low,259
360,61.792676008829105,63.3115295734026,996,707,Low,246
361,44.935293358586975,92.11270110550218,460,981,Medium,136
362,67.89593965981179,28.95959701050999,401,804,Low,280
363,51.2427601442365,66.06699252071346,551,511,High,271
364,59.105511038434145,66.84041980832686,393,702,High,171
365,94.73183278988726,75.98017201737528,867,691,Medium,159
366,44.74923740206968,21.841091661453383,764,708,Low,201
367,96.50715074415228,74.42424682138797,845,184,High,487
368,91.48155777604573,91.81292685990769,207,743,Low,45
369,27.62120213103668,26.171479798321776,210,754,Low,450
370,16.24251707876489,31.378899243148986,115,683,Low,264
371,19.070020123968398,97.42555846374756,737,430,Medium,71
372,11.639964308639476,26.28792574385408,646,143,Low,364
373,18.499866468033556,86.89465840326213,251,400,High,371
374,71.47060960747211,54.30500708032313,219,745,Low,103
375,16.40697836142061,32.25079669628593,407,510,High,490
376,38.70780672643852,88.36749111452603,443,674,Low,125
377,86.03877798725091,50.077472950239894,603,42,High,313
378,12.094474216224327,56.333561853672116,354,64,High,464
379,83.30216343300422,42.33100324597891,888,963,Low,483
380,35.36692972960599,63.36557662914347,558,528,Low,286
381,20.634834485949064,24.717148532652047,550,765,High,458
382,72.70634488277355,45.197338298658465,142,834,Medium,230
383,66.60485621018955,97.24710901017588,612,647,Low,146
384,88.97248121743476,33.23200894310148,501,21,Medium,370
385,76.15639394234972,69.1062998087163,840,537,Low,197
386,82.31328373463637,39.267105780222536,702,729,Low,373
387,35.38311153141758,79.61258131179406,547,564,Low,221
388,25.969558940175055,21.778629464651484,659,382,Low,423
389,77.55532764767725,97.28389405706902,542,493,Medium,60
390,82.61512653405376,50.841058724527535,846,982,Low,98
391,99.1454627800606,31.244541701181756,507,656,High,171
392,47.135590922028385,16.614707259701138,596,237,High,382
393,43.481627721350485,25.27821145787867,881,632,Medium,173
394,79.87716646677971,56.77965537004159,281,316,Low,151
395,40.672318622771606,40.33028587881577,424,466,High,453
396,93.76815930432082,84.59950292943485,856,169,Medium,350
397,87.25714766587106,48.779877129562536,270,340,Low,390
398,48.609462463751655,32.384284532886696,154,785,High,440
399,77.57839610123476,65.5430487943627,614,234,High,122
400,77.90885866762142,73.60994951969013,727,992,Medium,494
401,19.281148195233936,25.033771711085485,662,738,Low,108
402,91.229761601161,25.08572946594859,944,513,Low,4
403,55.472713520307146,13.300428424018868,83,465,High,93
404,84.38117194969675,76.27618135590765,622,54,High,407
405,38.804464092755055,69.74240748596246,947,223,High,6
406,90.59709056465805,52.71677881748325,899,68,Low,288
407,45.02815108607468,85.97534040722775,426,653,Medium,106
408,10.975388633226853,82.51031376550479,275,625,Medium,146
409,91.48437787773373,62.6818927957077,713,204,Low,271
410,18.21580091075202,88.14441524619328,284,934,Medium,424
411,38.73822738313734,28.52570890330914,980,498,High,378
412,95.50557703457244,20.072765745795508,173,166,Medium,96
413,95.55464322438004,34.277465036529065,327,619,Medium,457
414,61.60940993109575,15.137817048038336,718,235,Medium,229
415,66.86534909528194,57.80525752009288,63,421,High,202
416,50.36009697804878,94.29451230654654,73,214,Low,212
417,36.388969452825805,13.540918660165868,763,88,High,6
418,39.57980908329243,20.989892260902412,636,133,Low,112
419,70.52666104693346,50.697912545509176,375,480,Low,376
420,77.7137076493912,94.04875157751144,633,949,Low,379
421,81.24211393532637,38.45404944790755,508,227,Medium,447
422,81.06563285150985,55.65113278195532,787,525,Medium,323
423,18.208549274382133,13.741557314535289,943,611,Low,106
424,54.49782742323233,23.350888086587997,398,113,Low,139
425,15.180288401497986,98.79671106629623,120,402,Medium,299
426,59.4575994091362,96.86068267924409,934,640,High,401
427,49.73774512360393,10.444598284096866,437,654,Low,96
428,89.89337644824698,95.6630606880915,829,833,High,388
429,41.58235112968708,67.52079440339503,676,617,Medium,447
430,20.536031478484528,88.112646506802,936,989,Low,452
431,22.869251384755227,50.92658700704732,465,443,High,337
432,78.5359568545725,56.40364257213252,286,340,High,297
433,65.6396256984635,53.99619222312282,265,152,High,467
434,19.101040851051124,70.01778317914939,320,809,Medium,389
435,17.569612550349767,22.568612928068163,673,549,Medium,416
436,73.08722183132079,12.697623088541015,376,287,High,214
437,16.548670572777418,37.713694743207185,820,242,High,454
438,83.96740533613206,73.4212686462982,89,538,Medium,291
439,73.56180044408467,28.166810691065354,654,580,High,22
440,17.32139025777098,70.60891899924256,203,99,High,193
441,17.635394267667273,97.29208414965434,821,501,Medium,468
442,98.7975620651058,18.451064421047654,739,208,High,150
443,43.68437161805083,70.53419064026136,955,371,High,368
444,43.357793236020186,49.93751973741141,334,450,High,247
445,83.15196105317523,88.13280289397548,222,35,Medium,267
446,95.25237196454728,25.94348105026473,41,34,High,461
447,98.74009574405838,72.33633570035481,708,403,Medium,251
448,77.80403667330475,85.43037606832992,68,516,Medium,490
449,43.86336269778242,95.0152797526621,988,310,Low,3
450,17.51506450288019,71.49232254606812,776,348,Low,393
451,79.94322243346932,54.74572876075846,514,276,High,316
452,60.256382476222456,65.60625161810924,873,470,Medium,76
453,48.17998083222786,88.20144860308464,637,702,Low,87
454,91.57189465852623,61.35487719749467,622,465,High,270
455,20.00777340755362,12.734835372715317,598,369,Low,225
456,54.336259386177325,93.78538259562801,937,77,Low,18
457,11.021828029067716,72.0574075928405,632,872,Medium,113
458,52.17945777947136,70.88620471995219,127,421,Medium,251
459,15.067294811365361,29.410763715794545,255,980,Low,233
460,20.693612464126474,69.29969232093916,695,500,Low,329
461,20.577362209939437,45.44779650887426,16,842,Medium,279
462,68.42892719044572,68.61096793373429,477,58,High,202
463,77.1440391338881,19.593372727719164,62,696,Medium,83
464,62.503188858744366,69.20607741427324,881,573,Low,125
465,96.59552936270877,99.94723531935999,432,111,High,175
466,43.73835215713336,14.339083497450043,670,225,Low,69
467,35.714087765367466,97.94567657991855,268,447,High,47
468,88.17392153705143,46.621716465058356,35,709,Low,372
469,30.123625466750738,88.36781053035332,779,578,High,256
470,96.69002854965501,80.4146935652446,576,568,High,215
471,11.09390272208347,61.0314634888001,494,168,Low,30
472,97.28909440368751,76.46042883261939,562,498,High,281
473,13.884392075551851,89.06640051712131,469,695,Medium,412
474,90.2028802328264,46.37262894859297,767,251,Low,482
475,57.49309981776699,39.43298454069148,661,803,Medium,237
476,99.36683165073703,70.08340470072262,325,762,Low,248
477,16.641690826185897,82.70613477471328,304,891,High,368
478,59.846885596118874,78.60566212989542,276,14,High,495
479,97.2372282057189,81.80322839727711,869,605,High,25
480,57.078805975313394,49.20249833316397,963,829,Low,74
481,66.64587743217362,83.60507945575195,684,370,Medium,206
482,72.61738200861555,20.81881498335476,929,468,Medium,490
483,50.90869582909959,59.00401881647646,201,257,Low,494
484,66.48022720756572,10.518279444830942,445,575,Low,314
485,62.58828807307902,39.21272469102433,905,682,Medium,94
486,91.10422094418901,42.98153813842581,324,955,Medium,375
487,14.090174230731208,45.655542244832986,35,431,Medium,127
488,35.28668706330073,72.5920486020876,977,932,Medium,425
489,95.53703356689029,44.97022911433112,482,747,Low,25
490,90.12374055018248,50.38242603602776,728,24,Low,334
491,51.009107750714165,31.378971778689472,480,745,High,355
492,65.8119338021383,43.59266124664061,65,582,Medium,116
493,34.96430646830194,30.454266453683633,8,131,High,48
494,26.930904375138518,16.587633139159927,301,286,Low,226
495,51.7328564445984,64.31037340432401,343,567,Low,266
496,41.80170052234475,70.13915186995146,431,462,High,99
497,62.529050066578485,65.7541311408653,424,399,Medium,459
498,16.996117326848633,51.71446394205151,332,303,Medium,11
499,97.69553268995499,44.18072021613068,438,583,Medium,85
500,98.75896700316426,87.70002846146427,588,607,Medium,405
501,72.83455426177707,56.71736066225962,174,455,High,214
502,58.24867297097084,53.126368986675786,559,219,High,173
503,37.8574854657695,12.307785922579212,527,599,Low,391
504,83.24155177362537,40.71230448635407,873,723,Medium,209
505,71.62580552984913,44.21760569072713,659,311,Medium,448
506,24.63552454104022,45.894050280721046,26,918,Medium,382
507,91.98344660444582,62.215513230459905,820,232,High,64
508,84.0283518630852,58.02422920541906,605,743,Medium,258
509,95.48199219627317,64.71145835141002,406,12,High,332
510,75.3147557549524,78.83949353879154,232,999,Medium,121
511,65.20736763422109,83.16871648444841,533,527,Medium,298
512,47.6418732661557,74.6310768603845,819,102,Low,466
513,93.94556350186119,95.99713263594413,550,529,Medium,54
514,87.94575005503675,11.640932440872547,788,437,Medium,331
515,14.069680309557047,27.620018711519148,505,502,Low,272
516,12.37302770475268,10.68065874803279,669,244,High,241
517,43.881703019024464,68.27272427391426,179,629,High,243
518,82.94979977036496,90.82274940549883,132,170,Medium,18
519,98.854851638345,31.913406691866935,823,730,High,483
520,23.537520199317537,93.4331090316676,455,761,Medium,187
521,63.47176438169216,15.424065126060476,348,340,Low,346
522,44.28017709679194,94.09924241249628,540,342,Low,144
523,97.29229580331429,41.6460418515671,772,59,Medium,262
524,85.79070308221378,19.127874560429486,406,532,Low,441
525,85.44958342400241,53.72845832676931,76,872,Low,364
526,52.18238438154732,33.109891094845715,941,677,Medium,491
527,47.33375521038987,35.638561176573056,579,501,Medium,431
528,34.60663647376356,37.65609684336579,854,591,Low,239
529,15.073794698583441,82.27233080493971,492,690,High,304
530,87.82501386295479,58.52451490077291,194,281,High,298
531,83.16109082170698,38.01769292404033,984,589,Medium,76
532,99.97459059575175,64.93004049798265,162,876,Medium,188
533,99.69731533665149,74.45356068008742,347,261,High,333
534,59.988853504236474,34.53616006601804,951,569,Low,388
535,79.20886736624594,47.21941913728163,361,705,High,487
536,95.02891568941853,20.96974840032528,769,841,High,246
537,86.46826516096704,26.303441458121227,584,708,High,130
538,32.26132915688779,71.30060685684845,87,99,High,474
539,50.54897217790842,26.329451292606425,934,455,Medium,315
540,21.62434736363455,57.26470453003542,262,341,Medium,411
541,95.86459245328501,73.81416355501895,214,148,Low,283
542,64.5557171005792,19.618923078526947,665,366,Low,79
543,30.577852495311646,61.058099766601316,722,610,Low,72
544,70.4530615965271,33.09065053312274,913,283,Low,263
545,65.63154164121062,96.66341877138218,573,28,High,191
546,42.23464462295564,53.51910820479323,780,992,Medium,367
547,20.220183297966614,82.53932947976423,262,320,Medium,375
548,70.44158760335196,59.52038879406356,730,879,Low,430
549,56.827693081341394,13.907127956933724,283,895,Low,63
550,79.50865525620753,66.98362380346201,648,987,High,488
551,56.814715100079404,95.62630079859913,467,163,High,380
552,86.69633502866861,64.1450638131698,380,399,Low,12
553,59.6716154897037,83.72699734841112,362,269,Medium,141
554,60.484417438184764,89.5785817013567,449,629,Medium,254
555,88.89882423925106,30.527179475403923,441,892,Medium,43
556,46.31345795911573,29.0840355917404,93,806,Low,17
557,22.061370560557666,64.98828899658926,621,580,Medium,63
558,12.590440868200508,46.99256228260342,753,134,High,253
559,77.9623530106257,85.58751725800484,867,363,High,465
560,65.82785962181183,91.002081105821,424,282,Low,376
561,73.36717912893012,41.807924137244626,142,628,High,292
562,29.166774535801967,31.318350307703387,291,820,Low,469
563,22.27343280280928,80.24729637194757,432,254,Medium,8
564,11.309019910109374,34.73254319933225,749,857,Medium,325
565,41.55288029259373,84.03528866623105,852,459,Medium,90
566,63.09259181691698,48.13644282838865,824,939,High,208
567,45.30196405897591,70.07949093623233,689,256,Low,292
568,49.37274298213561,18.59817824512014,653,529,Medium,284
569,91.37428250443736,66.14733922089158,701,150,Low,118
570,41.34299203209703,50.65909108635062,998,371,Medium,349
571,56.25905402438297,62.79476168579267,49,17,High,175
572,80.52877114670288,25.12127869703771,302,487,High,76
573,45.68885040891431,76.31863704497638,881,361,Low,101
574,65.98780302050861,87.65173697889057,190,504,High,414
575,87.61273378720706,29.506582008169808,136,615,High,151
576,95.45685612918778,18.614309996814555,555,842,Low,400
577,23.236613283613416,12.127472744170277,404,436,Medium,270
578,93.3928862645345,67.77743503989393,892,48,High,458
579,54.29046637715844,64.63846324799027,865,602,Low,71
580,33.24199494690625,59.2027671442663,602,196,High,493
581,51.322218061443515,30.875238650437787,807,605,High,180
582,98.20293177569293,45.18153963149632,341,609,High,124
583,54.33562845935826,63.50287016675557,757,763,High,381
584,39.587644925875736,54.709017297325246,945,863,Low,293
585,67.00607688850532,98.90069681933986,704,102,Low,285
586,31.613105690037376,22.27957773010598,318,95,Low,195
587,16.827699529779753,72.56300986428344,618,53,High,399
588,21.59917497195843,46.38868912938629,363,146,High,228
589,21.524125506199518,48.53796534330533,822,430,High,431
590,23.67124241610649,74.58379890923587,382,83,Low,430
591,22.49444553844691,72.31925361919326,233,557,High,436
592,67.67872703228932,99.21303943319695,777,622,Medium,275
593,26.369207595923033,21.55548605087127,344,997,High,461
594,41.11005549914769,19.36986844457497,549,521,Medium,106
595,90.71095689154106,75.1904935415867,817,165,High,21
596,52.65654762365851,62.05482253057682,553,947,Low,64
597,70.08019646689245,34.67445999038253,529,264,High,165
598,25.508788408146685,17.147743209008794,856,180,Medium,27
599,27.30601169278037,17.70924246367875,789,990,Medium,311
600,13.678175463983099,90.47717871977065,819,737,High,285
601,25.204155676494807,27.268059224686862,571,179,Medium,148
602,35.073130512876276,39.10344059039687,935,773,Medium,281
603,25.93094358490721,30.399076200428922,183,881,Low,326
604,17.983228038135003,41.94966752487436,41,331,High,319
605,20.857228399054073,16.248145847148404,551,576,High,164
606,51.47008912294532,56.715381181744334,397,465,High,386
607,28.570034656521326,16.085130723299343,704,953,Medium,406
608,42.78428749432679,82.03208570401254,779,612,High,224
609,55.30755437693712,31.034087371938973,494,799,High,272
610,72.13553457664287,58.601072314405954,659,622,Low,146
611,13.538092585698905,89.20711788053124,907,164,Low,453
612,81.94693590181384,68.57896321424747,333,898,Low,438
613,66.51103505418169,57.966200789620174,127,358,Medium,356
614,17.35831287539847,39.190037780383804,558,460,High,30
615,88.62207616960995,39.97017217523781,557,885,Low,45
616,92.87851604786319,70.25382596783712,1,662,Low,275
617,15.497016386937737,99.47254250990508,168,182,Low,471
618,34.918988333248336,69.56552708644408,620,19,High,34
619,82.55811518137551,60.20050756330224,19,749,High,141
620,77.34337213452925,75.75854592153215,332,274,High,427
621,26.60689174207396,51.86850510553463,584,447,Medium,318
622,28.841439100303926,15.412810834070669,456,769,Medium,374
623,43.34248925122438,60.60671342901188,957,256,Low,221
624,53.60706866719192,96.18627560548421,109,676,High,356
625,65.64292943772664,25.777264812189365,268,555,Low,22
626,43.202227561279514,72.10044017385991,445,508,High,180
627,51.62812445198331,28.084031979315082,240,138,High,436
628,77.2723844320381,58.22449160257732,929,681,High,367
629,13.30148826015381,18.700880468204765,301,610,Medium,420
630,32.719324990961866,50.53338426323666,602,614,Medium,329
631,74.20146272960972,78.05469960057215,103,336,High,231
632,90.56861539184794,41.28143718150839,988,762,Low,499
633,56.05096979040995,69.84205520384963,250,844,High,403
634,57.89021367387841,81.59049647107562,453,989,High,38
635,19.645481020579844,93.44600375315073,520,413,Low,70
636,50.26711301411092,31.117787366990818,153,638,High,116
637,57.935553980952086,45.938432422837735,859,615,Low,239
638,31.82234532712567,23.71744119973757,174,684,Medium,335
639,34.231890785444286,99.32351519425377,343,620,Medium,441
640,43.95557467941604,93.43008711318657,670,634,Low,148
641,11.806407799995373,58.59614172525036,431,368,Medium,9
642,38.987124902486045,85.78299649387792,727,612,Medium,288
643,29.03032062968902,56.8862179544838,689,867,Low,388
644,39.47476169601232,66.12271192024838,687,727,Medium,50
645,20.778591863732608,18.021198890441497,852,26,High,338
646,90.14745526659054,77.97433784471271,850,283,High,5
647,63.42332081986438,21.494213527171134,658,694,Low,404
648,71.11920872300406,84.34608672272755,962,125,Medium,343
649,81.02541147466044,80.38252789033473,324,870,High,126
650,54.85979790361515,73.78702279686789,990,989,High,75
651,17.82282592786813,13.254434247228591,673,702,Medium,165
652,58.3395887636693,37.28155203507957,639,100,Medium,278
653,62.815700621879124,33.680131291975854,420,91,High,442
654,77.0895526765897,42.41227667243672,594,333,High,324
655,48.84935916067114,17.88784720874547,485,970,Low,477
656,21.48222725160074,94.32620407279565,659,123,Low,300
657,35.539831521885205,59.842201664113865,751,778,High,290
658,42.67740667587716,37.49718795922212,412,67,Low,77
659,68.13255171984412,45.72833653668551,936,163,High,298
660,61.37004742020207,50.24822864543521,84,886,High,137
661,42.048705330806165,64.05349000245556,113,413,Low,106
662,98.78637239136818,56.4111484926848,737,637,Low,95
663,64.51973374211985,92.74527758929756,332,864,Medium,135
664,31.350411256239504,54.726713461524724,378,275,Medium,68
665,19.160422535836336,99.29422133409814,755,324,Medium,147
666,23.75732252658988,86.62824619705862,655,724,High,490
667,32.136195554605735,28.765946292160223,41,50,Low,478
668,24.46132359336001,93.75356931795247,935,114,High,159
669,26.79103216461752,20.472975809692848,770,910,Low,384
670,35.65856518244624,83.57047376420724,959,899,High,163
671,25.603623576527934,44.256096412892205,797,202,Medium,441
672,90.70888821637827,89.01768884005625,105,410,Medium,341
673,17.2210371095478,88.12510210967054,202,287,Medium,189
674,57.20602506132292,82.5332860105859,450,363,High,415
675,46.935714429069535,81.10273926763553,819,758,Low,339
676,98.41407552177458,37.42112251882367,843,946,Low,95
677,20.08350119512471,17.282735474612696,973,742,Medium,181
678,45.80700391411675,46.268216088864534,266,589,Medium,288
679,97.2523389947832,25.61720634878578,910,718,Medium,322
680,87.89564133045822,72.54559800122155,210,265,Medium,187
681,83.5364863854352,41.1489753884007,563,660,Low,372
682,33.211254434044584,97.80491807739234,118,833,High,138
683,25.379882865105923,67.68748696107988,713,956,High,130
684,70.17788979319879,84.02325072709249,377,670,High,194
685,93.64383902148272,21.927220546766357,551,108,High,316
686,60.10866037125368,87.58130340453603,540,597,Medium,472
687,61.44514205229099,93.0481471462055,771,291,Medium,273
688,35.19811842942558,53.83557269370423,84,892,Medium,352
689,79.25436398727432,64.56276439758797,454,412,High,144
690,26.833937370177104,78.83288208126959,667,118,Medium,16
691,39.131131276381936,25.73547645343713,629,709,Medium,302
692,48.28927947547751,55.23094688170982,514,208,Low,423
693,55.68493408160095,45.87967249950818,605,312,Low,245
694,31.816875917357223,23.17365929460242,678,336,Medium,415
695,20.335314226528318,43.07809800623783,387,163,Low,107
696,64.95580381974693,16.135507844694423,912,561,Low,88
697,35.97674979162302,12.323071625453828,350,654,Medium,129
698,62.31143992803511,22.16496602393405,296,414,Medium,395
699,23.892644374678206,96.68036004302564,258,471,Medium,375
700,53.30260916693357,59.45765823055153,81,141,Medium,341
701,57.93304892964273,96.9239945037898,937,800,High,4
702,14.664118314018422,48.924809049711875,268,883,High,327
703,40.294385037452855,38.06345197767336,419,93,Medium,410
704,22.09732092450768,55.55276765562197,235,408,Low,367
705,15.703747342549097,49.55605197696191,833,763,Medium,306
706,99.09642091509507,19.509821583556953,311,637,Medium,396
707,39.01184604772507,67.67436832211857,813,118,Low,95
708,82.88870012691714,29.443436425863965,975,230,High,209
709,32.917658928738746,65.76291594080466,986,913,Medium,225
710,71.33524500015363,68.51809831583381,357,562,Medium,459
711,78.42050739007179,23.68223678157833,213,377,High,348
712,63.60748665470599,15.521466439960134,574,156,High,480
713,52.441856969514255,80.26854274615958,49,121,Low,321
714,47.06568227325417,51.382038139238816,127,624,High,47
715,41.39814398886958,15.234741595492821,223,567,High,476
716,93.65762298230433,99.53796854527904,921,933,High,181
717,84.75574670089563,15.200250489672998,279,503,Low,106
718,96.85242195998613,72.55317059726978,408,514,High,199
719,21.186750113699027,98.53110327370723,505,484,High,386
720,75.77807276832799,31.526209379433304,294,845,Low,106
721,94.45064111389341,22.802443181847657,796,899,High,280
722,26.310975954909413,20.9246445480186,277,280,High,260
723,15.984664063009975,37.294763281083604,438,430,Low,108
724,76.70085843610532,19.0941229909582,107,906,Medium,19
725,61.70258018619207,72.29452075247187,658,716,Low,410
726,85.76458990824449,15.606261831705641,420,376,High,459
727,22.579513896366056,55.84799153348107,611,289,High,296
728,81.57405806739011,99.70271684676791,429,292,High,306
729,28.14645880429701,83.25732425554169,375,49,Low,171
730,24.729034857913405,65.36974944079098,73,968,High,331
731,24.783921813789362,37.56282587079505,949,198,High,493
732,83.3117248208244,66.15062526624746,998,173,Low,195
733,69.867749862658,57.433731752048644,634,998,Medium,12
734,57.07588822922074,48.347504550133436,30,545,Medium,195
735,42.29474357111523,21.76393390661795,188,545,High,490
736,88.94804867317974,89.79437937164201,364,13,Low,283
737,45.32005966803718,50.48061839391902,866,844,High,369
738,83.49394955244193,27.516026063868857,800,299,Low,182
739,49.52214177131966,43.09834157895607,451,962,Low,450
740,43.92499864824168,47.27167772760343,195,442,Medium,305
741,51.64118071026458,84.47841060101868,156,480,Medium,144
742,37.12400867477279,76.02529425052619,172,190,Low,386
743,77.2848442158626,79.23744042772059,847,257,High,316
744,55.24483510832312,10.992813798578249,41,637,Medium,182
745,30.89914256321356,47.45385983617854,63,288,High,30
746,90.96171159471116,53.32097364717912,23,886,Medium,84
747,44.55020992358903,11.727304914075102,360,590,Medium,166
748,58.919757500258974,33.38318878705308,75,872,High,284
749,91.58248998680922,78.42608408099215,560,263,Medium,281
750,66.18141963225929,22.339873515609916,672,190,Medium,96
751,20.520823663752765,58.17791183073325,825,839,High,381
752,94.58489112521276,29.368168481551375,118,690,Medium,266
753,66.4937247764276,11.090869717950394,612,834,Medium,444
754,40.14150531913775,31.708131183958734,380,518,Medium,298
755,22.53448653970485,97.82863794190484,929,770,High,296
756,81.46226703432664,82.13834006946907,920,709,Low,225
757,65.80654803356622,96.361897988893,679,575,High,333
758,58.01149827786894,53.90686395337262,290,335,Low,361
759,90.45033247458619,19.876257880975317,440,366,Medium,374
760,80.97374901020777,59.31635400763236,668,834,Low,42
761,23.650739175947606,50.89396011039648,933,659,High,303
762,38.05498610159934,85.99213744656544,7,689,High,421
763,32.36402258330192,18.827432270582015,196,400,Medium,246
764,76.95516633154092,53.94170233196004,421,624,Low,208
765,13.017919126220145,23.50437982245858,568,943,Medium,237
766,61.29007163841849,39.22083342010539,833,94,Medium,22
767,78.62128171666215,76.36213696490196,193,326,High,185
768,88.90890730855745,52.84163164318899,559,221,Low,468
769,40.78735738443167,43.82994566311924,148,524,Low,242
770,83.91315742048116,45.50286507130318,787,393,Low,363
771,19.95685632596865,51.350209156538796,669,700,Low,283
772,86.18070625610663,80.65148894533512,202,351,Medium,41
773,21.47397960987842,90.2876220046211,444,824,Medium,336
774,45.755856150433054,95.98012178535355,914,973,High,162
775,81.75658292015983,80.82130476297655,988,997,Medium,160
776,23.492568461389638,38.38662061732114,419,853,Medium,474
777,30.632625570937734,71.93212354778879,427,47,High,89
778,75.00273115537597,49.384281164985275,479,520,High,322
779,74.80328828914669,32.92035598414461,475,429,High,12
780,67.70328695967676,85.67844214833303,126,760,Medium,424
781,72.455360002039,13.458371406609249,395,178,Medium,73
782,58.84519990128366,91.15857929218812,817,974,High,76
783,32.66191530162575,51.53297181622607,881,918,High,346
784,41.112639415352746,67.34813291274523,806,352,High,201
785,26.34379451212831,69.34185299852044,576,835,Medium,10
786,91.76055052002656,90.56059666358827,325,315,Medium,352
787,62.50526152895084,67.30027139504867,392,551,Low,226
788,46.07662750872759,65.25402262840555,930,711,Medium,176
789,51.58052232797194,15.998683650462096,688,878,Medium,276
790,95.25550056506339,56.656721975068365,628,546,Medium,39
791,23.801626280447216,23.51521007353375,440,121,High,60
792,62.76068488151175,76.3690391849337,204,420,Medium,66
793,55.52998109960194,56.0999728731407,486,956,High,321
794,65.0308811891183,71.2205001287518,833,215,Low,435
795,11.629916543875646,13.750561054214584,31,194,Low,124
796,88.49115180497364,17.63128144412229,388,391,High,164
797,93.89064542352511,74.4691049256414,625,505,High,408
798,60.861986523028804,16.487590239880603,877,388,High,411
799,72.6985741489203,16.413105498873275,434,56,Medium,386
800,93.02494430595661,11.08976277113987,837,895,Low,159
801,73.65147708820587,96.0851258469532,926,749,High,57
802,23.72851386228352,76.37575235131062,376,560,Medium,78
803,61.86595241501318,41.79262676518577,344,537,Low,194
804,64.60435417445703,36.68820231588897,443,513,Medium,285
805,48.17176041721474,41.47329067712646,579,31,Low,15
806,76.27998120622506,79.71881780630636,75,222,Medium,12
807,94.09303132921134,69.5233549963373,557,319,Low,101
808,93.30116616160987,26.667601108072112,772,670,Low,156
809,50.57554342637189,25.66984018006759,666,977,Medium,340
810,20.19142412566797,18.85560847420576,155,762,High,125
811,98.63570790661011,69.42724477312044,430,281,Low,359
812,85.50082778013407,78.79353959995623,363,580,High,280
813,21.219641308294015,33.85417854925036,448,808,Medium,405
814,92.87576943556351,11.885046492782154,987,947,High,394
815,88.29067258559155,17.39545007287846,234,211,High,110
816,56.69542514134649,97.10740313605274,563,41,High,334
817,63.21478921704363,36.59002997296783,818,452,High,357
818,45.910243348311724,79.23008330543203,262,171,High,146
819,14.928547493982819,66.21972119688374,827,776,Low,216
820,40.16775174813108,44.37456756876063,125,263,Low,398
821,82.25681037382103,28.51185359759996,911,530,Low,162
822,10.416882070414257,20.92477763434658,245,986,Medium,128
823,40.014925452202974,65.35116712349799,542,660,High,314
824,45.8351824231849,79.71704025740092,938,489,Low,332
825,58.36560426441306,67.95138281870176,485,19,Medium,150
826,92.78700547714844,57.727191992424245,122,735,Low,454
827,41.17113949293651,13.775610108847264,125,514,Low,36
828,41.22578817066049,97.16398998349455,549,794,High,173
829,76.37511232987735,81.88427724891172,170,845,Medium,420
830,50.69961468008265,36.35398330308683,124,569,High,22
831,30.214434064598375,98.19732964229655,869,445,High,206
832,50.7195564519424,64.16934306726898,35,120,Low,127
833,22.677131834181985,62.418039238652185,87,162,High,336
834,25.874828785560098,77.3265861486579,646,644,Medium,445
835,54.853099546553175,83.05928092811239,708,926,High,356
836,47.70329045540931,69.08307465983523,786,878,High,440
837,92.33613109612901,21.528617172958,201,111,High,217
838,42.61545092049698,40.44407553950485,369,762,Low,96
839,62.25295152502391,93.52752762934448,797,842,Medium,417
840,66.90378591275774,30.215405065946673,77,200,Low,429
841,11.178501092950027,43.4950321453762,59,738,Low,164
842,69.71836348150396,48.88691946497764,431,572,Low,148
843,26.02323701827763,49.5464490725007,638,813,Low,18
844,96.49632857225096,65.1645624245073,500,90,Low,294
845,23.379645497780167,94.87682539702368,913,498,Medium,195
846,47.316171135432135,31.662344064925446,109,904,High,151
847,17.681470127077947,20.935123867082623,736,97,Low,480
848,99.71868266613527,27.77234408739436,278,203,Low,365
849,55.19755092981183,89.82324101883425,68,113,Medium,123
850,63.58465155880394,68.12297313896855,69,792,Medium,400
851,16.036882964958473,35.73161103152441,165,105,High,187
852,77.496442335926,83.43522450717555,489,432,Medium,453
853,28.891503378602717,87.52329967270924,305,900,High,452
854,90.82488604966424,86.18629048212502,909,207,Low,149
855,28.462567643380645,92.7033880275599,674,10,Low,104
856,27.16189485972999,32.701691815602544,365,416,High,243
857,13.28947010632854,77.95377358716505,854,387,Medium,462
858,52.48602505989993,51.4485547546726,821,176,High,231
859,60.83570199363548,85.77986976010554,379,518,Medium,479
860,15.913777548551714,75.5641609445452,343,647,Low,206
861,79.79748550255096,79.88027018497522,947,322,Medium,198
862,50.795995127322485,69.05456539129644,899,602,High,396
863,57.195124239482205,25.968589252273617,554,427,High,400
864,49.668647224440534,59.05242270072445,354,772,Low,337
865,46.06867547877934,98.62027655720574,416,690,Medium,493
866,60.36762981773961,94.36492598474071,109,486,Medium,87
867,23.971622133764125,13.885636221731051,563,82,Medium,142
868,26.3735317445744,24.833333415649342,762,150,Low,317
869,87.56070589121656,21.85558961091057,497,591,Medium,199
870,95.15039159202695,75.3381918986766,341,271,High,46
871,43.597838465177766,83.60067968712505,942,349,Medium,288
872,34.367020582919835,29.216022967960473,383,317,Low,15
873,67.95995889151142,55.52674236566461,533,254,Medium,44
874,46.78607539882868,85.663272521008,300,524,Medium,401
875,12.284772009431038,75.95213902896255,139,346,High,169
876,24.053733762957133,58.80134849426634,359,584,Medium,310
877,74.43750059626578,63.13129214128956,836,570,High,495
878,69.30315477191363,55.752449222465195,499,85,High,44
879,12.438639325313513,36.77936061869385,385,889,Low,98
880,29.97749457396545,60.85197935731145,604,184,High,261
881,30.796731692926425,71.99967718450816,959,118,High,109
882,70.47034692388556,88.59906242747269,280,192,Low,283
883,11.773948397892774,67.26622185813233,637,201,High,372
884,19.369772378611646,78.50093833388422,483,74,Low,343
885,81.99244768358705,24.40644714591157,909,858,Medium,104
886,26.069019584890025,51.54017269778109,111,972,Low,256
887,68.74714970666872,10.839845784438397,866,483,High,379
888,31.436450294205386,32.20109780694607,139,792,Low,206
889,18.949725348341065,75.38155436017044,996,109,High,335
890,31.88549718995087,99.26289562144271,435,553,Medium,43
891,75.00402386700932,18.92602896284943,509,873,Low,353
892,87.01268212956572,46.13448842751594,273,137,Medium,245
893,84.71978781102925,82.00638718292436,99,461,High,287
894,45.74651766566093,28.363207116600897,764,923,High,355
895,70.12766229135815,59.95764543720576,850,378,Medium,273
896,28.448586587423886,75.97641664267073,104,860,Low,476
897,36.383295723491194,65.43869052341611,214,52,Low,83
898,90.67022366690078,26.922226115387453,761,893,High,110
899,11.170173115966243,41.984611181716545,664,428,Medium,438
900,17.695767776902127,80.54126060368574,762,497,Medium,190
901,28.70976296314246,59.8803862718815,787,87,Low,471
902,12.387898348643773,10.470665218862147,165,835,Low,288
903,26.329189158081757,78.48916840252845,999,810,Low,424
904,62.473740487272295,13.178021944621516,853,279,Medium,397
905,47.92820955332481,77.1160404458109,520,683,Low,251
906,90.34045399692774,28.223250414871366,284,710,Low,212
907,83.56992055645968,96.22661321074422,517,768,High,291
908,40.76356165280884,43.11466761718761,657,909,Low,133
909,33.34810900881632,39.42384547042712,613,737,Low,201
910,44.17231673505402,23.39992452992002,164,324,Medium,285
911,63.1265448263327,37.50437939411934,886,934,Medium,326
912,34.125727674058865,88.89856856453805,659,860,High,409
913,66.17340170642206,99.67009038645226,64,911,Low,95
914,46.84704869721164,43.14785774561635,91,898,High,278
915,59.68424627667822,50.37495678590883,117,954,Medium,450
916,49.2513876221785,74.98638443824633,866,177,High,429
917,36.50191835877259,89.75762024185671,267,348,Medium,325
918,95.3607976265941,63.37399007681057,822,202,High,219
919,78.72452147437848,45.23731283600464,685,462,High,89
920,22.61018581898073,47.13596567637614,559,292,Low,72
921,88.16211783081215,72.60563318471262,140,345,High,247
922,53.86880784245623,10.289643724385082,246,399,Low,129
923,90.50970042046822,65.76304037138567,661,534,Low,212
924,81.98697303525837,41.99437093972217,758,249,Low,428
925,48.26921540223101,81.47775981493758,395,841,Low,343
926,12.022237748810566,18.369157584081893,487,967,High,96
927,34.180962344645145,62.93820402535515,476,492,Medium,75
928,58.747079319478026,53.28756008975114,517,668,Medium,423
929,67.01303978435325,67.80929733147048,977,725,Medium,495
930,33.20989168898821,15.836823503467151,184,601,High,54
931,22.54204666655417,62.198540868531815,20,900,Low,344
932,85.14372131193691,60.533612916357136,937,564,Medium,459
933,98.5961962633197,60.459408497455385,558,467,High,413
934,57.312116407241724,64.31388999368093,524,98,Low,54
935,25.451135726347317,70.8821143503726,582,669,Medium,218
936,34.50765938674321,82.44900997126928,529,104,Low,16
937,11.655160889272006,34.28386481153929,883,461,Medium,99
938,92.28689259044491,84.25444691620558,147,437,Medium,20
939,20.597597460112702,54.843011403710825,666,160,Medium,46
940,61.88648279628282,16.935245122089803,304,523,Low,451
941,34.66496986184854,15.269583631958128,620,385,High,193
942,59.87602022642141,40.08144868264547,748,31,Low,383
943,68.62783495166778,80.64072794003208,820,892,Medium,58
944,84.67676233364814,73.69128412668242,864,322,Low,437
945,28.577914458454288,80.97534682051658,582,849,High,111
946,10.989624579263243,56.55421507974484,695,528,Low,129
947,22.319706706192655,49.61790981599415,762,215,High,337
948,91.00167776632946,23.270727403565555,228,961,High,194
949,88.65010698062638,39.53734782483804,102,384,Low,413
950,63.76717919532775,49.061742955648775,587,460,Medium,340
951,64.0465174390288,17.97403867116555,417,635,High,326
952,69.853300709163,29.855075744009014,958,793,Low,8
953,25.783415076110465,63.840276465736494,216,604,High,29
954,92.29707513324638,76.20968028152708,407,188,Medium,112
955,47.68934724028658,99.85127602536546,399,219,Low,435
956,44.48246754245477,93.98019982092019,923,509,Low,161
957,56.70259347545538,67.83086795816723,715,473,Low,131
958,14.226937009754954,47.91232479646648,704,849,Medium,188
959,24.965503188047148,67.25596282374094,761,133,High,163
960,76.42302547837333,80.70864562722087,499,122,Low,197
961,17.45188011326138,20.65025718310486,754,21,High,475
962,64.28368985197494,46.891440072665944,465,135,High,364
963,32.081419871318886,85.58220570720555,691,574,Medium,204
964,45.036605263777886,44.54496567397396,949,340,Low,212
965,35.98243630936299,61.46850441044679,974,910,High,109
966,42.01054448184542,62.89924247759784,731,292,Low,276
967,74.71413146658209,26.602862782027543,82,149,Low,73
968,36.74095440608575,42.601189748705956,604,410,Medium,167
969,60.976417626720746,40.1060159867739,947,911,Low,260
970,52.84453619791897,12.35770376788583,687,106,Low,243
971,69.73040488263834,12.177258750221972,751,526,High,275
972,94.31467653922822,84.85273393081961,772,578,Medium,102
973,75.93148874892253,34.576372897553114,903,933,Low,475
974,29.34463407316811,56.62708896149339,365,855,High,173
975,12.80648215551562,36.88530162298957,163,78,Medium,171
976,33.60376398698426,94.66113206038065,48,127,Medium,141
977,63.55701376302294,33.336708297919635,511,897,High,397
978,14.628323213582531,48.66911314650416,329,68,High,188
979,54.67296224811127,88.54572254361416,840,42,High,441
980,63.71585640252003,85.77402101126278,116,327,High,86
981,40.08195017352647,26.749127606164958,941,59,High,476
982,79.38209833712398,82.23789788161393,849,889,Low,52
983,19.593842782039463,51.23681980641034,337,498,Low,111
984,16.762400356222788,53.46719848768197,881,28,Medium,437
985,75.5369880583243,22.01319751743494,737,735,Low,365
986,54.59421845855786,17.254136238141218,864,206,Low,342
987,71.95621567849625,75.51453762763887,840,900,Low,43
988,49.13446047433716,54.68150371197698,147,459,High,211
989,32.17618299151961,49.31656323536616,575,999,Medium,456
990,83.71920859067798,75.65574057871571,806,568,Medium,200
991,81.94742910720814,78.89616090919988,323,688,Medium,298
992,72.52268237689842,24.30173509024182,443,461,Medium,346
993,34.49306235069665,64.92026345298771,837,298,Low,240
994,63.12076001821784,22.1818674049917,13,150,Low,115
995,42.48765072460241,77.62375774261412,943,93,High,26
996,18.242386599397072,69.12596406404256,494,703,Medium,407
997,92.55822179160185,96.09531589751121,701,400,Low,299
998,22.313676782706526,16.206221472077907,287,600,Low,77
999,95.52136184387221,15.134924903612887,720,224,High,412
1000,50.140519566216014,35.39683672238802,114,535,High,137
